station,latitude,longitude,elevation
04W,46.0229,-92.8952,311.0
06D,48.8844,-99.6208,555.0
0E0,34.9856,-106.0095,1889.0
0F2,33.6017,-97.7756,335.6
0S9,48.0538,-122.8106,34.02
11R,30.2189,-96.3742,94.0
1A5,35.22,-83.42,616.0
1S5,46.3271,-119.9704,229.91
1V4,44.42,-72.02,217.0
20U,46.9252,-103.9821,840.0
2C8,48.7837,-97.632,272.0
2D5,46.1731,-98.0799,407.0
3R7,30.2427,-92.6735,5.51
4O4,33.9094,-94.8594,144.0
4S2,45.6726,-121.5365,186.22
5C1,29.7239,-98.6946,422.1
5H4,47.7912,-99.9317,489.0
6S0,45.8063,-109.9736,1363.93
79J,31.3087,-86.3938,94.0
82V,41.1533,-104.1302,1563.21
8D3,45.6689,-96.9914,351.81
96D,48.9406,-97.9028,287.0
9D7,48.48,-99.2364,451.0
9MN,44.0198,-92.4831,355.0
AAA,40.1587,-89.335,182.0
ABI,32.4106,-99.6821,545.0
ABQ,35.0419,-106.6155,1620.0
ABR,45.45,-98.42,395.0
ABY,31.5355,-84.1945,59.0
ACB,44.9886,-85.1984,190.0
ACJ,32.1108,-84.1889,143.0
ACK,41.2531,-70.0603,15.0
ACV,40.9781,-124.1086,66.0
ADC,46.4503,-95.2109,418.0
ADM,34.3032,-97.0195,232.0
ADW,38.8108,-76.867,86.0
AEJ,38.8142,-106.1207,2422.0
AEX,31.3347,-92.5586,27.0
AFF,38.9697,-104.8128,2003.0
AFN,42.8051,-72.003,317.0
AFO,42.7112,-110.9422,1882.1
AFW,32.9716,-97.3179,204.82
AGC,40.3547,-79.9217,382.0
AGS,33.3699,-81.9645,45.0
AHQ,41.2406,-96.5946,370.22
AIA,42.0572,-102.8,1195.58
AJG,38.6065,-87.7267,131.0
AKH,35.1967,-81.1558,244.0
ALB,42.7576,-73.8036,89.0
ALN,38.8899,-90.046,166.0
ALW,46.0948,-118.289,367.0
AMA,35.2194,-101.7059,1099.0
AMN,43.3221,-84.6879,229.8
AND,34.4946,-82.7094,238.0
ANW,42.5792,-99.993,787.11
AOO,40.2964,-78.32,458.0
APA,39.57,-104.85,1793.0
APN,45.0717,-83.5644,210.0
AQO,30.7836,-98.6619,336.0
ARA,30.0292,-91.8845,7.36
ARM,29.2543,-96.1544,30.0
ART,43.9888,-76.0262,99.0
ASD,30.3433,-89.8222,8.0
ASH,42.7818,-71.5148,61.0
ASL,32.5205,-94.3078,108.8
ASX,46.5487,-90.9189,249.22
ATL,33.6301,-84.4418,315.0
ATY,44.914,-97.1547,525.88
AUG,44.32,-69.8,107.0
AUH,40.8941,-97.9946,546.41
AUM,43.6647,-92.9333,375.0
AUS,30.1945,-97.6699,189.0
AVL,35.4319,-82.5375,661.0
AWO,48.1608,-122.159,42.0
AXH,29.5061,-95.4769,20.7
AXS,34.6988,-99.3385,436.8
AYS,31.2491,-82.3955,46.0
AZC,36.9599,-113.0139,1480.56
AZO,42.2347,-85.5519,272.0
BAB,39.1361,-121.4366,34.0
BAF,42.1578,-72.7161,83.0
BAX,43.7802,-82.9854,234.0
BAZ,29.709,-98.045,195.0
BBD,31.1793,-99.3239,557.0
BBW,41.4365,-99.6385,769.27
BCB,37.2076,-80.4078,650.0
BCE,37.7064,-112.1456,2312.0
BDE,48.7284,-94.6122,329.0
BDG,37.5828,-109.4831,1774.18
BDL,41.9381,-72.6825,55.0
BDR,41.1583,-73.1289,5.0
BED,42.4699,-71.289,41.0
BEH,42.1286,-86.4285,191.0
BFD,41.8031,-78.6401,653.0
BFF,41.874,-103.5956,1203.49
BFI,47.53,-122.3,5.0
BFM,30.6268,-88.0681,8.0
BGM,42.2086,-75.9797,497.0
BGR,44.8074,-68.8281,59.0
BHM,33.5655,-86.7449,192.0
BIE,40.3013,-96.7541,398.87
BIH,37.3731,-118.3636,1263.0
BIJ,31.3975,-84.8948,65.0
BIL,45.8069,-108.5422,1088.0
BIS,46.7727,-100.7458,506.0
BJI,47.5094,-94.9337,420.0
BKF,39.7017,-104.7517,1726.0
BKL,41.5175,-81.6833,178.0
BKV,28.4736,-82.4554,20.0
BKW,37.7873,-81.1242,766.0
BKX,44.3048,-96.8169,490.28
BLI,48.7927,-122.5375,48.0
BLV,38.5452,-89.8352,138.0
BMC,41.5524,-112.0622,1289.94
BMG,39.146,-86.6167,257.0
BMI,40.4771,-88.9159,267.0
BNA,36.1189,-86.6892,180.0
BNO,43.595,-118.9564,1271.0
BOI,43.5667,-116.2406,874.0
BOK,42.0746,-124.2901,139.9
BOS,42.3606,-71.0097,9.0
BPK,36.37,-92.47,283.0
BPT,29.9521,-94.0261,4.58
BQK,31.2588,-81.4665,8.0
BRD,46.4047,-94.1308,372.0
BRO,25.9146,-97.4231,6.0
BTA,41.4148,-96.109,396.51
BTL,42.3073,-85.2515,290.0
BTM,45.9548,-112.4975,1690.0
BTR,30.5372,-91.1469,21.0
BTV,44.47,-73.15,104.0
BUF,42.9408,-78.7358,215.0
BUR,34.2007,-118.3587,236.0
BVN,41.7286,-98.0558,545.36
BVO,36.7625,-96.0112,218.0
BVY,42.5841,-70.9161,33.0
BWD,31.7936,-98.9565,422.0
BWG,36.9645,-86.4197,167.0
BWI,39.1754,-76.6683,47.0
BYG,44.38,-106.72,1514.0
BYI,42.5426,-113.7715,1265.0
BYY,28.9733,-95.8634,14.0
BZN,45.7881,-111.1608,1364.0
C29,43.1143,-89.5315,282.9
C75,41.0193,-89.3864,173.0
CAD,44.2753,-85.4189,398.0
CAE,33.9419,-81.1181,69.0
CAG,40.4952,-107.5216,1915.0
CAK,40.9161,-81.4422,374.0
CAR,46.87,-68.02,190.0
CBF,41.2611,-95.7604,378.0
CBK,39.4274,-101.0466,971.0
CCR,37.9916,-122.0526,4.87
CDC,37.7,-113.1,1714.0
CDI,39.975,-81.5776,241.53
CDJ,39.8233,-93.5792,234.0
CDN,34.2836,-80.5649,92.0
CDR,42.8376,-103.0954,999.03
CDS,34.4339,-100.2881,595.0
CEF,42.194,-72.5348,75.0
CEU,34.6719,-82.8868,272.0
CEY,36.6646,-88.3728,173.0
CEZ,37.303,-108.6281,1803.0
CFD,30.7157,-96.3314,102.43
CFE,45.159,-93.8433,295.0
CFV,37.0941,-95.5719,226.0
CGI,37.2253,-89.5708,102.0
CHA,35.0353,-85.2038,210.0
CHO,38.1386,-78.4529,195.0
CHS,32.8986,-80.0405,10.02
CID,41.8829,-91.7246,265.0
CIN,42.0444,-94.7889,365.2
CKC,47.8383,-90.3829,548.0
CLE,41.405,-81.8528,233.0
CLL,30.5881,-96.3639,98.0
CLM,48.12,-123.5,88.0
CLT,35.2225,-80.9543,228.0
CMFM,47.3228,-71.1483,672.0
CMGB,45.3728,-72.7739,86.0
CMH,39.9914,-82.8808,247.0
CMI,40.0388,-88.2778,228.0
CMR,35.3054,-112.1947,2036.0
CMX,47.1684,-88.4891,326.0
CMY,43.9584,-90.7379,256.0
CNC,41.0184,-93.3608,319.1
CNM,32.3375,-104.2633,1004.0
CNU,37.6703,-95.4842,305.0
CNY,38.755,-109.7548,1388.0
COE,47.7743,-116.8196,707.0
COS,38.8058,-104.7008,1881.0
COU,38.8169,-92.2183,271.0
CPR,42.908,-106.4644,1612.0
CQM,47.8219,-92.6894,404.0
CRE,33.8118,-78.7239,10.0
CRG,30.3361,-81.5147,12.0
CRQ,33.13,-117.28,100.0
CRW,38.3794,-81.59,299.0
CSG,32.5161,-84.9422,121.0
CSQ,41.0188,-94.3608,393.2
CTB,48.6084,-112.3761,1175.0
CTCK,45.2511,-74.9628,81.25
CTJ,33.6317,-85.1523,353.9
CTNK,45.5333,-78.2667,410.0
CVG,39.0431,-84.6717,267.0
CVS,34.3828,-103.3222,1309.0
CVX,45.3047,-85.2747,204.0
CWAF,48.0689,-69.5556,5.0
CWAQ,49.05,-105.4833,756.0
CWBU,53.3333,-104.0,373.0
CWBV,44.8167,-62.3333,10.0
CWBZ,45.1208,-74.2894,49.0
CWCF,52.3597,-97.0219,222.0
CWCJ,48.5883,-86.2947,206.0
CWCO,44.5,-80.2167,221.0
CWCT,52.0667,-111.4667,791.0
CWDJ,50.4333,-104.6667,573.0
CWDK,50.0036,-113.6386,1012.0
CWDM,50.465,-59.6394,6.0
CWDO,49.6833,-54.8,92.0
CWDV,49.0333,-90.4667,489.0
CWEF,47.2328,-60.1444,26.0
CWEH,49.4378,-108.9886,1078.0
CWEL,49.2087,-123.8106,-23.0
CWEQ,52.115,-101.2331,335.0
CWEU,79.9833,-85.9333,10.0
CWEW,45.8095,-73.4347,168.0
CWFQ,45.0503,-72.8617,152.0
CWGL,44.5472,-79.2167,221.0
CWGT,49.4864,-124.4349,5.0
CWGY,51.6697,-110.2061,707.0
CWHQ,46.6907,-71.9717,55.0
CWHV,46.205,-70.785,229.0
CWID,61.3167,-117.6,161.0
CWIJ,65.7553,-111.2458,500.0
CWIK,50.3681,-102.5708,602.0
CWIS,47.2842,-70.6375,719.0
CWIW,51.6667,-105.4,526.0
CWIZ,45.2939,-73.3494,45.0
CWJB,46.7803,-71.2875,91.0
CWJD,53.1864,-99.2678,223.0
CWJH,56.3333,-103.2833,344.0
CWJR,49.0819,-116.5006,646.0
CWJW,52.9263,-118.0301,1020.0
CWJX,50.9094,-109.5014,672.0
CWKO,49.1678,-105.9792,917.0
CWLB,54.7689,-112.0236,567.0
CWLE,50.95,-107.15,665.0
CWLM,48.4133,-123.3248,58.78
CWLY,50.2245,-121.5818,213.15
CWME,52.1875,-127.4713,15.42
CWMJ,46.2747,-75.9919,200.0
CWMM,49.2083,-122.69,3.37
CWMQ,49.9,-109.4667,767.0
CWMT,63.1336,-117.2447,271.0
CWNC,43.95,-78.1667,78.0
CWND,69.6325,-135.4439,12.0
CWNE,47.0581,-63.9986,15.0
CWNH,47.8058,-69.5486,148.0
CWNL,45.6333,-82.95,183.0
CWNP,50.2664,-117.8128,524.0
CWOY,51.7667,-104.2,560.0
CWPC,42.8676,-79.2531,184.0
CWPE,45.0667,-66.4667,1.0
CWPF,48.4319,-123.4395,12.0
CWPR,49.4684,-120.5143,700.0
CWPZ,54.3831,-125.9586,713.0
CWQP,43.8333,-77.15,79.0
CWQR,50.2208,-64.2072,9.0
CWQS,53.3155,-132.7723,-17.7
CWRJ,51.5667,-107.9167,586.0
CWRK,45.0714,-77.8789,331.0
CWRM,52.4214,-114.9122,988.0
CWRN,45.35,-60.9833,8.0
CWRX,69.0833,-79.0333,41.0
CWSD,46.4411,-63.8381,24.0
CWSF,49.2508,-65.3247,29.0
CWSK,49.7832,-123.1612,60.0
CWSL,50.7031,-119.2906,351.0
CWST,47.3558,-70.0319,31.0
CWSW,49.745,-114.8838,1136.4
CWTA,45.5049,-73.5793,63.0
CWTT,45.2667,-72.1667,209.0
CWUS,49.5625,-119.6487,450.15
CWVI,53.5053,-112.0978,639.0
CWVN,49.0583,-107.5858,785.0
CWVP,49.6406,-109.5144,1271.0
CWVQ,45.4272,-73.9292,39.0
CWWB,43.3002,-79.7912,76.0
CWWE,43.99,-64.6642,9.0
CWWL,53.4929,-130.6386,4.18
CWWS,52.8186,-97.6164,223.0
CWWX,45.3271,-81.7364,181.0
CWWZ,43.25,-79.2167,79.0
CWXC,48.8942,-71.0317,300.0
CWYJ,48.4569,-123.3047,62.41
CWYY,49.0283,-119.441,281.98
CWZA,49.243,-121.7601,15.0
CWZG,51.1933,-115.5522,1397.0
CWZL,53.0303,-131.601,-44.0
CWZW,60.1667,-132.7333,705.0
CXAG,53.9169,-112.2792,625.0
CXAT,72.9928,-85.0122,19.0
CXCA,49.1539,-88.3447,228.0
CXCK,62.115,-136.1919,540.0
CXDK,61.2567,-124.4683,283.0
CXDP,54.3167,-113.95,614.0
CXEC,53.5731,-113.5167,671.0
CXET,44.2333,-79.7833,251.0
CXHA,42.0331,-82.896,191.0
CXIB,46.6667,-60.4,8.0
CXKA,49.4064,-82.4436,218.0
CXKE,45.0,-75.6333,99.0
CXKI,48.15,-80.0,324.0
CXKT,45.0667,-64.4833,49.0
CXMD,49.1878,-98.0839,301.0
CXMM,56.6511,-111.2133,369.0
CXO,30.3524,-95.4145,75.0
CXOX,55.1464,-105.2703,379.0
CXPC,45.3442,-80.0442,176.0
CXSE,73.7658,-105.2956,11.0
CXTD,45.6083,-61.6797,68.0
CXTN,69.1989,-122.3592,552.0
CXTO,43.6667,-79.4,113.0
CXTV,68.7423,-133.4991,91.0
CXVN,43.1833,-79.4,79.0
CXY,40.2171,-76.8515,106.0
CXYH,61.2419,-123.7417,204.0
CXZV,50.2167,-66.25,52.0
CYAM,46.4833,-84.5094,192.0
CYAT,52.9275,-82.4319,5.5
CYBC,49.1325,-68.2044,22.0
CYBD,52.3875,-126.5958,35.0
CYBG,48.3339,-70.9869,159.0
CYBK,64.2989,-96.0778,18.0
CYBL,49.9508,-125.2708,106.0
CYBR,49.91,-99.9519,409.0
CYBU,53.3325,-104.0083,374.0
CYBW,51.1031,-114.3744,1200.0
CYCB,69.1081,-105.1383,27.0
CYCD,49.0516,-123.8741,30.0
CYCG,49.2964,-117.6325,495.0
CYCK,42.3062,-82.0817,194.0
CYCO,67.8167,-115.1439,22.0
CYCP,52.129,-119.2898,683.0
CYCQ,55.6872,-121.6267,609.0
CYCX,45.8377,-66.4367,51.0
CYDB,61.3711,-139.0406,801.0
CYDC,49.4667,-120.5167,700.0
CYDF,49.2109,-57.3975,22.0
CYDL,58.4222,-130.0322,792.0
CYED,53.6679,-113.4725,688.0
CYEG,53.3097,-113.5797,723.0
CYEK,61.0942,-94.0708,10.0
CYEN,49.2103,-102.9658,581.0
CYEV,68.3042,-133.4828,68.0
CYFB,63.7564,-68.5558,34.0
CYFO,54.6781,-101.6817,304.0
CYFS,61.7603,-121.2367,169.0
CYGE,51.2992,-116.9822,785.0
CYGK,44.2253,-76.5969,93.0
CYGL,53.6253,-77.7042,195.0
CYGP,48.7769,-64.4781,33.0
CYGQ,49.7828,-86.9306,351.0
CYGR,47.4247,-61.7781,10.0
CYGV,50.2819,-63.6114,33.0
CYGW,55.2819,-77.7653,12.0
CYHD,49.8317,-92.7442,413.0
CYHE,49.3699,-121.4936,39.0
CYHM,43.172,-79.9339,238.0
CYHU,45.5167,-73.4167,27.0
CYHY,60.8397,-115.7828,166.0
CYHZ,44.8808,-63.5086,145.0
CYIN,51.2645,-121.6849,1126.2
CYJT,48.5453,-58.5639,26.0
CYKA,50.7022,-120.4419,346.0
CYKF,43.4616,-80.3857,317.0
CYKJ,57.2564,-105.6175,509.0
CYKY,51.5175,-109.1808,694.0
CYLD,47.82,-83.3467,447.0
CYLJ,54.1253,-108.5228,480.0
CYLL,53.3121,-110.073,669.0
CYLW,49.9535,-119.3748,430.0
CYMA,63.6167,-135.8667,504.0
CYMM,56.6533,-111.2219,369.0
CYMO,51.2891,-80.6141,10.0
CYMT,49.7719,-74.5281,387.0
CYMX,45.6795,-74.0387,82.0
CYNA,50.19,-61.7889,11.0
CYND,45.5217,-75.5636,64.0
CYNE,53.9583,-97.8442,223.0
CYNM,49.7617,-77.8028,281.0
CYOD,54.4072,-110.2783,544.0
CYOJ,58.6214,-117.1647,338.0
CYOO,43.9228,-78.8833,139.0
CYOW,45.3225,-75.6692,114.0
CYPA,53.2142,-105.6728,428.0
CYPE,56.2269,-117.4472,571.0
CYPH,58.4719,-78.0769,3.0
CYPL,51.4464,-90.2142,373.0
CYPO,54.9881,-85.4433,49.88
CYPQ,44.23,-78.3633,191.0
CYPR,54.2861,-130.4447,34.0
CYPW,49.8342,-124.5,130.0
CYPY,58.7667,-111.1167,232.0
CYQA,44.9747,-79.3033,282.0
CYQB,46.7911,-71.3933,73.0
CYQF,52.1822,-113.8944,905.0
CYQG,42.266,-82.9604,190.0
CYQH,60.1164,-128.8225,690.0
CYQI,43.8308,-66.0881,43.0
CYQK,49.7903,-94.3653,411.0
CYQL,49.6254,-112.7936,929.0
CYQM,46.1039,-64.6878,71.0
CYQQ,49.7108,-124.8867,24.0
CYQR,50.4267,-104.6702,577.0
CYQT,48.3719,-89.3239,199.0
CYQU,55.1797,-118.885,669.0
CYQV,51.2647,-102.4617,498.0
CYQW,52.7692,-108.2436,548.0
CYQX,48.9457,-54.5757,151.0
CYQY,46.1614,-60.0478,62.0
CYRB,74.7167,-94.9667,67.0
CYRJ,48.52,-72.2656,179.0
CYRL,51.0669,-93.7931,383.0
CYRQ,46.3528,-72.6794,56.62
CYRT,62.8114,-92.1158,32.0
CYSB,46.6261,-80.8016,348.0
CYSF,59.2503,-105.8414,250.0
CYSJ,45.3181,-65.8856,109.0
CYSM,60.0264,-111.929,203.0
CYSN,43.1917,-79.1717,98.0
CYTE,64.23,-76.5267,47.0
CYTH,55.8011,-97.8642,218.0
CYTL,53.8156,-89.8956,224.0
CYTR,44.1189,-77.5281,86.0
CYTS,48.5697,-81.3767,295.0
CYUB,69.4333,-133.0264,5.0
CYUL,45.4683,-73.7414,36.0
CYUX,68.7761,-81.2436,8.0
CYUY,48.2061,-78.8356,301.0
CYVC,55.1514,-105.2619,379.0
CYVL,67.0212,-126.1286,246.0
CYVM,67.5458,-64.0314,6.0
CYVO,48.0564,-77.7867,337.0
CYVP,58.0961,-68.4269,60.0
CYVQ,65.2825,-126.8003,74.0
CYVR,49.183,-123.1682,2.0
CYVV,44.7458,-81.1072,222.0
CYWA,45.9476,-77.3112,130.0
CYWE,64.1908,-114.0768,415.0
CYWG,49.9167,-97.2333,239.0
CYWH,48.4235,-123.3867,10.0
CYWK,52.9272,-66.8742,551.0
CYWL,52.1863,-122.0656,940.0
CYXC,49.6122,-115.7819,939.0
CYXE,52.17,-106.6912,504.0
CYXH,50.0189,-110.7208,716.0
CYXJ,56.2467,-120.7371,695.0
CYXL,50.1139,-91.9053,390.0
CYXR,47.695,-79.8489,243.0
CYXT,54.4664,-128.5775,217.0
CYXU,43.0356,-81.1539,278.0
CYXX,49.0274,-122.3771,58.0
CYXY,60.7094,-135.0689,703.0
CYXZ,47.9667,-84.7867,287.0
CYYB,46.3636,-79.4228,371.0
CYYC,51.1139,-114.0203,1084.0
CYYD,54.8237,-127.1866,523.0
CYYE,58.8364,-122.5972,382.0
CYYF,49.4599,-119.6057,344.0
CYYG,46.2886,-63.1286,54.0
CYYJ,48.6408,-123.4328,18.4
CYYR,53.3192,-60.4258,49.0
CYYT,47.6222,-52.7428,140.0
CYYU,49.4167,-82.4667,227.0
CYYY,48.6086,-68.2081,52.0
CYYZ,43.6772,-79.6306,173.0
CYZF,62.4628,-114.4403,206.0
CYZH,55.2931,-114.7772,581.0
CYZP,53.2542,-131.8139,6.0
CYZT,50.6803,-127.3661,22.0
CYZU,54.1439,-115.7867,782.0
CYZV,50.2233,-66.2656,55.0
CYZX,44.9846,-64.912,28.0
CZBF,47.6292,-65.7483,59.0
CZCR,47.99,-66.3342,38.0
CZEV,68.3167,-133.5167,103.0
CZFS,61.7603,-121.2367,168.0
CZHY,60.8389,-115.7767,164.0
CZMU,53.5667,-112.3,683.0
CZPC,49.5206,-113.9972,1190.0
CZSM,60.0261,-111.9294,203.0
CZST,55.935,-129.9841,5.45
CZTB,48.3694,-89.3272,199.0
D50,48.9285,-103.2973,594.0
D95,43.0666,-83.2723,253.04
DAB,29.1799,-81.0581,11.0
DAL,32.8471,-96.8518,148.0
DAW,43.28,-70.92,104.0
DAY,39.9061,-84.2186,305.0
DBN,32.5644,-82.9853,94.0
DBQ,42.3984,-90.7091,329.0
DCA,38.8472,-77.0345,20.0
DCM,34.7893,-81.1958,199.9
DCU,34.6525,-86.9453,177.0
DDC,37.7631,-99.9654,790.0
DDH,42.8935,-73.2486,239.55
DEC,39.8346,-88.8657,207.0
DEQ,34.047,-94.3994,108.0
DET,42.4092,-83.0099,190.0
DFI,41.3375,-84.4288,219.0
DFW,32.8968,-97.038,182.0
DHN,31.32,-85.45,122.0
DIJ,43.7419,-111.0979,1898.0
DIK,46.7973,-102.8019,789.0
DKB,41.9338,-88.7057,279.0
DLN,45.2554,-112.5525,1597.0
DLS,45.6186,-121.1673,74.0
DMA,32.166,-110.883,824.0
DMO,38.7074,-93.1759,274.0
DOV,39.1295,-75.466,9.0
DRI,30.83,-93.34,62.0
DRO,37.1515,-107.7538,2038.0
DSM,41.5339,-93.6531,294.0
DSV,42.5709,-77.713,209.0
DTN,32.5402,-93.745,55.0
DTS,30.3934,-86.4674,7.31
DTW,42.23,-83.33,195.0
DUB,43.5484,-109.6903,2210.36
DUJ,41.18,-78.9,554.0
DUX,35.858,-102.013,1129.0
DVK,37.5779,-84.7697,311.5
DVL,48.1146,-98.9083,443.0
DWH,30.068,-95.5562,46.0
DXR,41.37,-73.48,139.0
E11,32.3311,-102.5295,963.14
E38,30.384,-103.684,1376.0
EAU,44.8658,-91.4843,276.0
EBS,42.4392,-93.8691,337.4
ECG,36.2606,-76.1746,4.0
ECP,30.3582,-85.7956,69.0
ECU,29.9469,-100.1739,723.0
EDJ,40.3723,-83.8192,342.0
EEN,42.9,-72.27,149.0
EEO,40.0488,-107.8859,1957.0
EET,33.18,-86.78,178.0
EGE,39.6426,-106.9177,1993.0
EGI,30.6503,-86.5229,59.0
EHA,37.0008,-101.88,1099.0
EKN,38.8853,-79.8528,609.0
EKO,40.8242,-115.786,1367.0
ELD,33.221,-92.8133,77.0
ELM,42.1571,-76.8994,287.13
ELP,31.8111,-106.3758,1194.0
ELY,39.295,-114.8453,1909.0
END,36.3392,-97.9165,398.0
ENL,38.5151,-89.0911,163.0
ENW,42.595,-87.9381,219.0
EQY,35.0169,-80.6206,207.0
ERI,42.08,-80.18,225.0
ERV,29.9767,-99.0855,493.0
ERY,46.3111,-85.4572,265.0
ESN,38.8042,-76.069,21.9
EST,43.4008,-94.7476,401.0
EUG,44.1246,-123.212,114.0
EVV,38.0441,-87.5205,117.0
EWB,41.6764,-70.9583,24.0
EWK,38.0582,-97.2745,467.0
EWN,35.0675,-77.0472,6.0
EWR,40.6827,-74.1693,9.0
EYE,39.825,-86.2958,248.0
EYW,24.5561,-81.7596,1.0
F00,33.6131,-96.1793,189.56
F05,34.2257,-99.2837,386.0
F46,32.9306,-96.4355,178.26
FAM,37.761,-90.4286,288.0
FAR,46.9253,-96.8111,274.0
FAT,36.78,-119.7194,100.0
FAY,34.9912,-78.8803,57.0
FCM,44.8261,-93.4607,270.77
FCS,38.6784,-104.7566,1789.0
FDW,34.3155,-81.1088,175.9
FDY,41.0136,-83.6686,247.0
FFA,36.02,-75.67,4.0
FFC,33.3553,-84.5669,264.0
FFL,41.0521,-91.9834,242.3
FFM,46.2844,-96.1567,361.0
FFO,39.8261,-84.0483,251.0
FFT,38.1847,-84.9033,237.0
FFZ,33.4608,-111.7283,424.0
FHU,31.5883,-110.3442,1438.0
FIG,41.0467,-78.4117,462.0
FKA,43.6767,-92.1797,389.0
FKL,41.3779,-79.8604,469.0
FKN,36.6981,-76.9038,12.0
FLD,43.7712,-88.4884,240.0
FLG,35.1403,-111.6722,2137.0
FLL,26.07,-80.15,7.0
FLO,34.1854,-79.7239,45.0
FLP,36.2909,-92.5902,350.0
FMN,36.7436,-108.2292,1677.0
FMY,26.5849,-81.8615,5.0
FNT,42.9667,-83.7494,233.0
FOK,40.8436,-72.6318,20.0
FPR,27.4981,-80.3767,7.0
FRI,39.0526,-96.7645,324.6
FSD,43.5769,-96.7536,428.94
FSE,47.5928,-95.7735,389.0
FSM,35.3366,-94.3674,141.0
FST,30.9119,-102.9167,917.0
FTK,37.9071,-85.9721,230.0
FTW,32.8198,-97.3624,216.0
FTY,33.78,-84.52,256.0
FUL,33.87,-117.98,29.0
FVE,47.2855,-68.3127,301.0
FWA,40.9781,-85.1871,248.0
FWC,38.3786,-88.4126,133.0
FXY,43.2323,-93.6237,374.6
FYG,38.5876,-90.9938,146.34
FYV,36.0051,-94.1701,381.0
GAD,33.9727,-86.0891,173.0
GAI,39.1683,-77.166,164.3
GBD,38.3443,-98.8592,575.0
GBG,40.938,-90.4311,245.0
GCD,44.4042,-118.9625,1126.8
GCK,37.9275,-100.7244,881.0
GCN,35.9461,-112.1547,2014.0
GDB,44.7533,-95.556,319.0
GDV,47.1387,-104.8072,749.0
GEG,47.6216,-117.528,721.0
GEV,36.43,-81.42,969.0
GEZ,39.5831,-85.8048,245.0
GFA,47.5047,-111.1873,1075.0
GFK,47.9492,-97.1761,257.0
GGG,32.384,-94.7115,124.0
GHG,42.0982,-70.6721,3.4
GIC,45.9426,-116.1234,1010.0
GIF,28.0629,-81.7533,44.0
GJT,39.1342,-108.54,1475.0
GKJ,41.6265,-80.2147,428.0
GKY,32.6639,-97.0943,192.0
GLR,45.0135,-84.7036,407.0
GLS,29.2653,-94.8604,16.0
GMU,34.8461,-82.3461,319.0
GNA,47.7453,-90.3457,185.0
GNR,45.4622,-69.5953,316.0
GNV,29.6917,-82.276,46.0
GON,41.33,-72.05,3.0
GOP,31.4213,-97.797,276.0
GPM,32.6988,-97.0469,180.0
GPT,30.4073,-89.0701,9.0
GPZ,47.2111,-93.5097,413.0
GRB,44.4794,-88.1367,206.1
GRD,34.25,-82.16,192.0
GRF,47.08,-122.58,92.0
GRI,40.9675,-98.3096,563.46
GRK,31.07,-97.83,309.0
GRR,42.88,-85.52,237.0
GSO,36.0975,-79.9436,270.0
GSP,34.8847,-82.2239,296.0
GTB,44.0556,-75.7195,207.0
GTF,47.4733,-111.3822,1115.0
GTR,33.4503,-88.5914,80.0
GTU,30.6808,-97.6767,240.0
GUP,35.5111,-108.7893,1972.0
GUS,40.6481,-86.1521,247.0
GVQ,43.0317,-78.1675,275.45
GVT,33.0678,-96.0653,163.0
GWB,41.3072,-85.0644,268.2
GWR,46.2187,-97.6435,385.0
GWW,35.4606,-77.9649,41.0
GYL,44.756,-94.0812,302.0
GZH,31.4158,-87.0441,79.0
HAI,41.9597,-85.5934,251.0
HCD,44.8599,-94.3825,323.0
HDC,30.52,-90.42,13.0
HDE,40.4521,-99.3365,706.73
HEF,38.7214,-77.5154,59.0
HEI,46.0149,-102.656,828.0
HFD,41.7367,-72.6494,6.0
HFF,35.0367,-79.4974,115.0
HFJ,36.9062,-94.0128,400.5
HGR,39.7078,-77.7297,215.0
HIB,47.3866,-92.839,412.0
HIO,45.5406,-122.9502,62.0
HJH,40.1523,-97.587,444.53
HKS,32.3348,-90.2225,104.0
HKY,35.7411,-81.3895,362.0
HLC,39.3756,-99.8297,678.0
HLG,40.175,-80.6463,365.0
HLR,31.1387,-97.7145,283.0
HOB,32.6875,-103.217,1115.0
HOP,36.6686,-87.4962,174.0
HOU,29.6375,-95.2824,14.0
HPN,41.0669,-73.7075,134.0
HQM,46.9712,-123.9366,4.0
HQZ,32.747,-96.5304,136.0
HRI,45.8258,-119.2611,195.0
HRT,30.4278,-86.6893,12.0
HRX,34.8578,-102.3264,1153.0
HSI,40.6052,-98.4279,591.84
HST,25.4884,-80.3837,2.0
HSV,34.6439,-86.7861,196.0
HTO,40.96,-72.25,17.0
HTS,38.365,-82.555,255.0
HUF,39.4515,-87.3076,179.0
HUL,46.1231,-67.7921,150.0
HUT,38.0655,-97.8606,470.0
HVN,41.2638,-72.8868,4.0
HVR,48.5428,-109.7633,792.0
HWY,38.5863,-77.7106,102.0
HXD,32.2244,-80.6975,6.0
HYA,41.67,-70.28,16.0
HYI,29.8927,-97.863,182.0
HYS,38.8422,-99.2732,609.0
HYW,33.8285,-79.1222,10.7
I19,39.691,-83.992,279.94
I35,36.8593,-83.3585,465.73
I75,41.0472,-93.6876,338.3
IAB,37.623,-97.2673,418.0
IAD,38.9348,-77.4473,98.0
IAH,29.9844,-95.3414,33.0
IBM,41.1881,-103.6774,1497.1
ICT,37.65,-97.43,408.0
IDA,43.5137,-112.0708,1445.0
IDI,40.6322,-79.1055,429.0
IDP,37.1584,-95.7784,251.0
IGQ,41.5349,-87.5295,188.0
IJD,41.7419,-72.1836,76.0
IJX,39.7746,-90.2383,190.0
IKG,27.5509,-98.0309,39.11
IKV,41.6878,-93.5695,270.7
IKW,43.6629,-84.2613,193.5
ILG,39.6728,-75.6008,24.0
ILM,34.27,-77.9,10.0
ILN,39.4203,-83.8217,322.0
IND,39.7084,-86.3048,241.0
INT,36.1337,-80.222,296.0
IOB,38.0575,-83.9829,306.07
IPT,41.2433,-76.9217,160.0
IRS,41.8133,-85.4389,282.0
ISO,35.33,-77.61,29.0
ISP,40.7939,-73.1017,30.0
ITH,42.491,-76.4584,335.0
IWD,46.5275,-90.1314,375.0
IWI,43.9614,-69.7126,21.0
IXD,38.8309,-94.8903,343.0
IZA,34.6068,-120.0756,205.0
IZG,43.9911,-70.9479,138.0
JAC,43.6128,-110.737,1964.0
JAS,30.8857,-94.0349,65.0
JAX,30.4941,-81.6879,9.0
JFK,40.6386,-73.7622,7.0
JFX,33.902,-87.3142,147.0
JKL,37.5914,-83.3144,421.0
JLN,37.1522,-94.4952,293.32
JMR,45.8861,-93.2718,309.0
JMS,46.93,-98.68,457.0
JST,40.3161,-78.8339,696.0
JXN,42.2598,-84.4594,305.0
JYM,41.9213,-84.5858,360.0
KLS,46.12,-122.9,5.0
L35,34.2638,-116.856,2058.0
L52,35.1015,-120.6224,5.0
LAL,27.9889,-82.0186,43.0
LAM,35.8798,-106.2694,2179.0
LAN,42.78,-84.58,264.0
LAS,36.0801,-115.1522,664.0
LAX,33.9382,-118.3865,32.0
LBB,33.6636,-101.8228,988.0
LBF,41.1219,-100.669,843.91
LBL,37.0442,-100.9599,879.0
LCI,43.5735,-71.4215,161.99
LEB,43.6261,-72.3042,182.0
LEE,28.82,-81.81,24.0
LEW,44.0485,-70.2835,88.0
LEX,38.0408,-84.6058,301.0
LFI,37.0828,-76.3605,3.0
LFK,31.234,-94.75,88.0
LFT,30.1986,-91.9896,14.59
LGA,40.7794,-73.8803,9.0
LGB,33.8118,-118.1472,12.0
LHZ,36.0233,-78.3303,113.0
LIT,34.7273,-92.2357,79.0
LKR,34.723,-80.8544,148.1
LKU,38.01,-77.97,150.0
LMT,42.1469,-121.7242,1247.0
LND,42.8152,-108.7298,1694.0
LNK,40.8478,-96.7647,352.34
LNP,36.9875,-82.53,817.0
LNS,40.1203,-76.2944,123.0
LOM,40.1376,-75.2651,92.0
LOU,38.228,-85.6637,167.0
LOZ,37.087,-84.077,369.0
LPR,41.3461,-82.1794,241.0
LRD,27.5438,-99.4615,155.0
LRF,34.9168,-92.1465,95.0
LRU,32.2894,-106.922,1358.0
LSE,43.88,-91.25,199.0
LSF,32.3373,-84.9913,71.0
LSV,36.2362,-115.0343,570.0
LUA,38.6671,-78.5006,275.0
LUD,33.2542,-97.5805,319.0
LUF,33.535,-112.383,332.0
LUK,39.1033,-84.4186,155.0
LUV,32.7563,-101.9202,911.58
LVJ,29.52,-95.24,13.0
LVM,45.7,-110.45,1419.0
LWA,42.3508,-86.2561,203.0
LWB,37.8583,-80.3995,702.0
LWM,42.7172,-71.1234,45.0
LWS,46.3745,-117.0154,438.0
LXV,39.2281,-106.3161,3026.0
LXY,31.6412,-96.5145,166.29
LYH,37.3208,-79.2067,286.0
M19,35.6377,-91.1764,72.8
M40,33.8738,-88.4897,67.65
MAE,36.9849,-120.1107,76.45
MAF,31.9466,-102.2075,868.94
MAN,43.5813,-116.5231,771.0
MBS,43.53,-84.08,202.0
MCD,45.865,-84.6372,226.0
MCF,27.85,-82.52,4.0
MCI,39.2976,-94.7139,320.0
MCK,40.2063,-100.5921,781.96
MCN,32.6928,-83.6492,110.0
MCO,28.4294,-81.309,32.0
MCW,43.1544,-93.3261,370.0
MDD,32.0365,-102.101,854.0
MDQ,34.86,-86.56,230.0
MDS,44.016,-97.0859,520.8
MDT,40.1936,-76.7633,94.0
MDW,41.786,-87.7524,188.0
MEM,35.0611,-89.985,87.0
MFD,40.82,-82.52,395.0
MFE,26.1758,-98.2386,33.0
MFI,44.6369,-90.1893,379.0
MFR,42.3811,-122.8722,405.0
MGE,33.9153,-84.5163,326.0
MGM,32.3006,-86.394,62.0
MGN,45.4256,-84.9134,209.0
MGR,31.0849,-83.8033,90.0
MGW,39.6429,-79.9163,380.0
MHE,43.7748,-98.0386,395.73
MHK,39.1353,-96.6778,322.0
MHT,42.9328,-71.4357,71.0
MIA,25.788,-80.3169,4.0
MIB,48.4158,-101.358,508.0
MIC,45.0622,-93.3511,261.65
MKC,39.123,-94.593,227.0
MKE,42.9472,-87.8967,206.0
MKJ,36.8949,-81.3499,780.0
MKL,35.5931,-88.9167,132.0
MLB,28.1028,-80.6453,11.0
MLI,41.4485,-90.5075,181.0
MLS,46.428,-105.8863,801.0
MMT,33.92,-80.8,77.0
MMV,45.1945,-123.1361,48.0
MOB,30.6883,-88.2456,67.0
MOD,37.6258,-120.9544,30.0
MOT,48.2594,-101.2803,523.0
MPV,44.2035,-72.5623,355.0
MQB,40.52,-90.65,215.0
MQS,39.979,-75.8655,201.2
MQY,36.009,-86.5201,166.0
MRB,39.4019,-77.9847,170.0
MSN,43.1406,-89.3453,261.0
MSO,46.9208,-114.0925,972.0
MSP,44.8854,-93.2313,265.0
MSY,29.9933,-90.2511,9.0
MTC,42.6083,-82.8355,177.0
MTJ,38.505,-107.8975,1755.0
MTO,39.4779,-88.2792,214.0
MWC,43.1104,-88.0344,227.0
MWH,47.2086,-119.3191,361.0
MWL,32.7816,-98.0602,296.0
MWN,44.2708,-71.3035,1910.0
MXF,32.3829,-86.3658,51.0
MYR,33.68,-78.93,8.0
MYV,39.102,-121.5688,17.0
N60,47.6458,-101.4394,587.0
NBC,32.4774,-80.7232,12.0
NBG,29.8253,-90.035,-6.0
NCA,34.7084,-77.4397,8.0
NFE,36.695,-76.1356,5.0
NFL,39.4166,-118.701,1199.0
NFW,32.781,-97.4365,198.0
NGU,36.9375,-76.2893,5.0
NHK,38.286,-76.4118,12.0
NIP,30.2342,-81.6747,7.0
NKT,34.9,-76.88,9.0
NMM,32.5521,-88.5556,97.0
NQA,35.3567,-89.8703,98.0
NTD,34.12,-119.12,2.0
NTU,36.8207,-76.0335,7.0
NUC,33.0228,-118.5885,55.0
NUW,48.3518,-122.656,14.0
NYC,40.779,-73.9693,27.0
NYL,32.6566,-114.606,65.0
NZY,32.6922,-117.2098,8.0
OAJ,34.8292,-77.6121,29.0
OAK,37.7213,-122.2207,3.0
OCF,29.1636,-82.221,28.28
ODX,41.6236,-98.9517,628.41
OEB,41.9333,-85.0525,292.0
OEO,45.3086,-92.69,275.0
OFF,41.1183,-95.9125,298.66
OFP,37.7089,-77.4366,63.0
OGA,41.1195,-101.7697,992.28
OGD,41.1957,-112.0129,1362.0
OGS,44.6819,-75.4655,91.0
OJC,38.85,-94.7392,334.0
OKB,33.22,-117.35,9.0
OKC,35.3889,-97.6006,397.0
OKK,40.5282,-86.059,253.0
OKV,39.1435,-78.1444,222.0
OLF,48.0945,-105.5751,605.0
OLM,46.9733,-122.9033,61.0
OLS,31.4208,-110.8458,1206.0
OLU,41.448,-97.3426,438.39
OLV,34.9787,-89.7869,122.5
OMA,41.3103,-95.8992,295.67
OMH,38.2472,-78.0456,142.0
ONL,42.4697,-98.6881,616.83
ONO,44.0206,-117.0128,668.0
ONP,44.5804,-124.0579,48.0
ONT,34.056,-117.6012,287.0
ONZ,42.0991,-83.1615,180.0
OPF,25.9102,-80.2828,3.0
OPL,30.5584,-92.0994,23.45
ORB,48.0159,-92.856,397.0
ORD,41.9875,-87.9319,200.0
ORE,42.5701,-72.2886,164.0
ORF,36.9033,-76.1922,9.0
ORH,42.2673,-71.8757,308.0
OSA,33.0956,-94.9614,111.0
OSC,44.4515,-83.3942,193.0
OSH,43.9843,-88.557,248.0
OSU,40.08,-83.08,280.0
OUN,35.2435,-97.4708,357.0
OWB,37.7388,-87.1668,124.0
OWD,42.1912,-71.1733,15.0
OXC,41.4741,-73.1354,222.0
OXR,34.2008,-119.2072,13.0
OZW,42.6294,-83.9822,293.0
P59,47.4669,-87.875,190.0
PAAQ,61.5949,-149.0887,71.0
PABE,60.7858,-161.8264,46.0
PABI,63.995,-145.7183,398.0
PABR,71.2826,-156.7922,4.0
PABT,66.9165,-151.5189,199.0
PACD,55.2207,-162.7323,24.06
PACV,60.4889,-145.4511,13.0
PADQ,57.75,-152.4939,34.0
PADU,53.9001,-166.5435,4.0
PAE,47.907,-122.2816,185.0
PAED,61.2514,-149.8065,65.0
PAEI,64.6657,-147.1015,167.0
PAEN,60.5797,-151.2391,29.0
PAGA,64.7362,-156.9374,46.0
PAGS,58.4253,-135.7074,9.0
PAH,37.0563,-88.7744,120.0
PAJN,58.355,-134.5763,7.0
PALH,61.1786,-149.9651,22.0
PAMD,59.432,-146.338,14.0
PAMR,61.2163,-149.8573,30.0
PANC,61.1697,-150.0261,40.0
PANN,64.5473,-149.074,110.0
PAOM,64.5122,-165.4452,7.0
PAOT,66.8857,-162.6068,1.0
PAPG,56.7999,-132.9501,26.48
PAPH,56.9591,-158.6334,29.0
PASC,70.1947,-148.4652,17.0
PASD,55.3137,-160.5214,7.0
PASI,57.0471,-135.3616,20.0
PATA,65.1744,-152.1069,67.0
PATC,65.564,-167.9225,83.0
PAVC,55.1163,-162.2662,47.0
PAVD,61.134,-146.248,37.0
PAWG,56.4843,-132.3698,13.0
PBH,45.7089,-90.4025,449.0
PBI,26.6847,-80.0994,6.0
PBX,37.5587,-82.5674,445.99
PDT,45.6951,-118.8414,456.0
PDX,45.5908,-122.6003,12.0
PEA,41.3989,-92.9431,265.0
PEO,42.6371,-77.0529,298.0
PEQ,31.38,-103.51,796.0
PGD,26.9172,-81.9914,8.0
PHF,37.1319,-76.493,13.0
PHKO,19.7388,-156.0456,13.0
PHL,39.8683,-75.2311,9.0
PHMK,21.1529,-157.0963,137.0
PHNL,21.3187,-157.9224,5.0
PHOG,20.9,-156.43,20.0
PHTO,19.7203,-155.0485,11.0
PHX,33.4343,-112.0116,337.0
PIA,40.6675,-89.6839,205.0
PIH,42.9098,-112.5959,1365.0
PKD,46.9,-95.07,442.0
PLN,45.5709,-84.7967,217.0
PMU,34.3635,-89.8929,65.71
PMV,40.9502,-95.9179,365.23
PNC,36.73,-97.1,307.0
PNM,45.5599,-93.6082,298.0
PNS,30.4781,-87.1869,37.0
PNT,40.9244,-88.6239,201.0
POB,35.1709,-79.0145,66.0
POE,31.0448,-93.1916,100.0
POF,36.7739,-90.3249,99.0
POU,41.6266,-73.8842,51.0
POY,44.8672,-108.7934,1538.5
PPQ,39.6389,-90.7784,216.0
PRB,35.6694,-120.6291,251.19
PRC,34.65,-112.42,1537.0
PRS,29.6342,-104.3615,888.86
PSC,46.2647,-119.119,124.0
PSM,43.0779,-70.8233,31.0
PSO,37.2863,-107.056,2336.0
PSP,33.8297,-116.5067,141.0
PTD,44.6757,-74.9469,140.47
PTK,42.6655,-83.4201,299.0
PTS,37.4495,-94.7311,289.6
PTT,37.7016,-98.7469,595.0
PTW,40.2383,-75.5572,94.0
PUB,38.29,-104.4983,1439.0
PUC,39.6092,-110.7547,1799.0
PVB,42.6894,-90.4444,312.0
PVD,41.7219,-71.4325,19.0
PVW,34.1681,-101.7173,1028.0
PWM,43.6424,-70.3044,19.0
PYX,36.414,-100.75,889.0
PZQ,45.4071,-83.8129,204.0
RAL,33.9519,-117.4451,249.0
RAP,44.0453,-103.0574,964.71
RAS,27.81,-97.09,2.0
RBG,43.2388,-123.3559,160.0
RCA,44.1451,-103.1036,977.43
RDD,40.509,-122.2934,153.0
RDM,44.2539,-121.15,938.0
RDR,47.9611,-97.4012,278.0
RDU,35.8922,-78.7819,117.96
RFD,42.1927,-89.093,221.0
RGK,44.5915,-92.4868,239.0
RIC,37.5115,-77.3234,54.0
RIL,39.5263,-107.7269,1691.0
RIV,33.9,-117.25,469.0
RIW,43.0642,-108.4598,1688.0
RKD,44.0601,-69.0993,17.0
RLD,46.3015,-119.3012,115.79
RME,43.2239,-75.3953,143.62
RMG,34.3478,-85.1611,196.0
RMY,42.2512,-84.9554,287.0
RND,29.53,-98.28,232.0
RNH,45.1483,-92.5381,304.0
RNM,33.0392,-116.9153,425.0
RNP,42.9929,-84.1389,224.0
RNT,47.4931,-122.2157,9.0
ROA,37.3172,-79.9737,344.71
ROC,43.1167,-77.6767,169.0
ROW,33.3,-104.53,1118.0
RPD,45.4201,-91.7733,347.0
RPJ,41.893,-89.0783,238.0
RQB,43.7226,-85.5041,302.0
RRL,45.1989,-89.7129,401.0
RST,43.9041,-92.4916,403.0
RSV,39.016,-87.6498,141.0
RSW,26.5381,-81.7567,9.0
RTN,36.7415,-104.5022,1935.0
RUT,43.53,-72.95,240.0
RWI,35.8563,-77.8919,48.0
RWV,30.5155,-96.7041,119.0
RXE,43.8339,-111.8051,1481.0
RZL,40.9479,-87.1826,213.0
S52,48.4249,-120.1459,514.63
SAA,41.4435,-106.8275,2114.3
SAC,38.5069,-121.495,8.0
SAD,32.8547,-109.6353,968.0
SAF,35.6171,-106.0894,1934.0
SAN,32.7339,-117.1845,9.0
SAT,29.5337,-98.4698,242.0
SAV,32.1276,-81.2021,15.0
SBD,34.0954,-117.2349,353.0
SBM,43.7698,-87.8517,232.0
SBN,41.7072,-86.3164,237.0
SBY,38.3405,-75.5103,16.0
SDF,38.1744,-85.736,149.0
SDL,33.6229,-111.9105,460.0
SDM,32.57,-116.98,160.0
SEA,47.4447,-122.3144,137.0
SEG,40.8206,-76.8639,137.0
SEP,32.2153,-98.1777,402.0
SFB,28.7797,-81.2436,17.0
SFF,47.6828,-117.3226,595.0
SFM,43.3939,-70.708,74.0
SFO,37.619,-122.3749,5.0
SFQ,36.6823,-76.6019,22.0
SGF,37.2397,-93.3897,390.0
SGJ,29.9593,-81.3397,3.0
SGR,29.6223,-95.6565,2.0
SHD,38.2638,-78.8964,366.0
SHN,47.2336,-123.1476,85.0
SHR,44.77,-106.97,1209.0
SHV,32.4472,-93.8244,79.0
SIY,41.7737,-122.4682,804.95
SJC,37.3594,-121.9244,17.0
SJN,34.52,-109.38,1747.0
SJT,31.3517,-100.495,582.0
SKA,47.6151,-117.6558,750.0
SKF,29.3842,-98.5811,210.0
SLB,42.5972,-95.2399,449.9
SLC,40.78,-111.97,1288.0
SLE,44.9095,-123.0025,61.0
SLH,45.6537,-84.5193,195.0
SLN,38.791,-97.6522,388.0
SLO,38.6429,-88.9642,175.0
SLR,33.16,-95.62,149.0
SME,37.0536,-84.6156,283.0
SMF,38.6954,-121.5908,7.0
SMQ,40.6239,-74.6694,32.0
SMX,34.9,-120.45,73.0
SNA,33.6757,-117.8682,16.0
SNK,32.6934,-100.9505,741.0
SNS,36.6635,-121.6093,16.14
SOW,34.2655,-110.0057,1954.0
SPA,34.9157,-81.9565,244.1
SPG,27.7651,-82.627,2.0
SPI,39.8447,-89.6839,181.0
SPS,33.9786,-98.4928,314.0
SPW,43.1682,-95.2101,403.0
SSF,29.337,-98.4711,176.0
STC,45.5433,-94.0513,314.0
STE,44.5451,-89.5303,338.0
STL,38.7525,-90.3734,171.0
STP,44.9345,-93.06,219.0
STS,38.5037,-122.811,31.35
SUE,44.8437,-87.4216,221.0
SUN,43.5038,-114.2956,1620.0
SUS,38.6572,-90.6558,141.0
SUU,38.2627,-121.9275,19.0
SVC,32.6365,-108.1564,1659.0
SVN,32.01,-81.146,13.0
SWO,36.1612,-97.0857,300.0
SWW,32.4674,-100.4666,727.0
SYF,39.7611,-101.7959,1037.35
SYR,43.1112,-76.1063,124.0
SZL,38.7303,-93.548,265.0
T20,29.528,-97.4614,108.13
T35,30.8794,-96.9711,124.16
T82,30.2432,-98.9092,517.0
TAD,37.2594,-104.3407,1756.0
TAN,41.8756,-71.0211,13.0
TBR,32.4827,-81.7369,57.0
TCM,47.1377,-122.4765,98.0
TCS,33.2367,-107.2681,1481.0
TCY,37.6889,-121.4416,56.52
TDZ,41.5631,-83.4764,189.0
TEB,40.859,-74.0562,3.0
TEW,42.5658,-84.4232,280.0
THA,35.38,-86.2467,326.26
TIK,35.4147,-97.3866,394.0
TIP,40.2936,-88.1424,225.0
TIW,47.2675,-122.5761,89.0
TKI,33.18,-96.59,179.0
TKV,45.469,-89.8057,453.0
TLH,30.3935,-84.3513,21.0
TME,29.805,-95.8979,50.6
TNB,36.2,-81.65,959.0
TOC,34.5928,-83.2964,295.53
TOL,41.5886,-83.8014,210.0
TOP,39.07,-95.62,270.0
TOR,42.0647,-104.1528,1282.0
TPA,27.9619,-82.5403,3.0
TQE,41.7635,-96.1779,308.66
TRI,36.4752,-82.4074,463.0
TRK,39.32,-120.1396,1798.0
TTN,40.2768,-74.8159,65.0
TUL,36.1984,-95.8881,206.0
TUP,34.2608,-88.7711,110.0
TUS,32.1203,-110.938,779.0
TVC,44.7416,-85.5824,190.0
TVI,30.9018,-83.8811,80.0
TVL,38.8939,-119.9953,1909.0
TWF,42.4818,-114.4878,1265.0
TWM,47.0492,-91.745,328.0
TXK,33.4537,-93.991,119.0
TYR,32.3541,-95.4024,166.0
TYS,35.8181,-83.9858,299.0
U42,40.6196,-111.9902,1402.74
UAO,45.25,-122.77,60.0
UCP,41.0253,-80.4134,326.7
UIN,39.9428,-91.1946,234.0
UKT,40.4352,-75.3819,160.0
UNO,36.8784,-91.9027,372.0
UNU,43.4265,-88.7038,285.0
UNV,40.85,-77.85,378.0
UOX,34.3843,-89.5368,137.8
UZA,34.9878,-81.0572,202.0
VAD,30.9678,-83.193,71.0
VBG,34.7297,-120.5768,112.0
VBT,36.3457,-94.2194,395.0
VCB,38.3775,-121.9575,34.0
VCT,28.8614,-96.9303,36.0
VDI,32.19,-82.37,84.0
VEL,40.4409,-109.5099,1608.0
VES,40.2044,-84.5319,306.9
VIH,38.13,-91.77,333.0
VIS,36.3187,-119.3929,89.0
VLL,42.5429,-83.1779,222.0
VNY,34.2097,-118.4892,244.0
VPC,34.1232,-84.8487,233.0
VPS,30.4833,-86.5254,26.0
VSF,43.3436,-72.5173,176.0
VUJ,35.4167,-80.1508,186.0
W22,39.0005,-80.2737,498.0
WJF,34.7411,-118.2186,715.0
WLD,37.1681,-97.0369,351.0
WRB,32.6401,-83.5918,90.0
WRI,40.0156,-74.5917,41.0
XBP,33.1753,-97.8284,259.7
XNA,36.282,-94.307,392.0
Y70,42.938,-85.0606,249.3
YIP,42.2379,-83.5304,215.0
YKM,46.5682,-120.5441,325.0
YNG,41.2544,-80.6739,360.0
ZZV,39.9445,-81.8921,268.0
