station,latitude,longitude,elevation
CYGL,53.6253,-77.7042,195.0
PHKO,19.7388,-156.0456,13.0
PATC,65.564,-167.9225,83.0
NUC,33.0228,-118.5885,55.0
EYW,24.5561,-81.7596,1.0
CWEU,79.9833,-85.9333,10.0
CYXJ,56.2467,-120.7371,695.0
MHK,39.1353,-96.6778,322.0
CYYT,47.6222,-52.7428,140.0
ESN,38.8042,-76.069,21.9
CYBK,64.2989,-96.0778,18.0
CYUB,69.4333,-133.0264,5.0
CYVM,67.5458,-64.0314,6.0
BRO,25.9146,-97.4231,6.0
DLN,45.2554,-112.5525,1597.0
PADU,53.9001,-166.5435,4.0
CWCF,52.3597,-97.0219,222.0
PAMD,59.432,-146.338,14.0
LRU,32.2894,-106.922,1358.0
BHM,33.5655,-86.7449,192.0
CYCX,45.8377,-66.4367,51.0
CVX,45.3047,-85.2747,204.0
ACV,40.9781,-124.1086,66.0
CYWE,64.1908,-114.0768,415.0
CYYJ,48.6408,-123.4328,18.4
CXSE,73.7658,-105.2956,11.0
CWQS,53.3155,-132.7723,-17.7
CYYR,53.3192,-60.4258,49.0
CYLJ,54.1253,-108.5228,480.0
PABR,71.2826,-156.7922,4.0
EGE,39.6426,-106.9177,1993.0
HEI,46.0149,-102.656,828.0
CWZW,60.1667,-132.7333,705.0
GGG,32.384,-94.7115,124.0
CYVP,58.0961,-68.4269,60.0
CWMJ,46.2747,-75.9919,200.0
CYUX,68.7761,-81.2436,8.0
PATA,65.1744,-152.1069,67.0
ELY,39.295,-114.8453,1909.0
DEC,39.8346,-88.8657,207.0
CFE,45.159,-93.8433,295.0
CHS,32.8986,-80.0405,10.02
PABE,60.7858,-161.8264,46.0
DUX,35.858,-102.013,1129.0
CYSF,59.2503,-105.8414,250.0
ACK,41.2531,-70.0603,15.0
CWZG,51.1933,-115.5522,1397.0
PBX,37.5587,-82.5674,445.99
PRC,34.65,-112.42,1537.0
CYTE,64.23,-76.5267,47.0
CYPH,58.4719,-78.0769,3.0
CYVQ,65.2825,-126.8003,74.0
CYPO,54.9881,-85.4433,49.88
ECU,29.9469,-100.1739,723.0
NBG,29.8253,-90.035,-6.0
CYCB,69.1081,-105.1383,27.0
GCD,44.4042,-118.9625,1126.8
CYGQ,49.7828,-86.9306,351.0
CWEF,47.2328,-60.1444,26.0
CWEH,49.4378,-108.9886,1078.0
ERI,42.08,-80.18,225.0
SNS,36.6635,-121.6093,16.14
CXAT,72.9928,-85.0122,19.0
CYZV,50.2233,-66.2656,55.0
BPK,36.37,-92.47,283.0
CXYH,61.2419,-123.7417,204.0
LEE,28.82,-81.81,24.0
OGA,41.1195,-101.7697,992.28
PAPH,56.9591,-158.6334,29.0
CWIK,50.3681,-102.5708,602.0
CYBD,52.3875,-126.5958,35.0
CYTS,48.5697,-81.3767,295.0
CXTN,69.1989,-122.3592,552.0
TIK,35.4147,-97.3866,394.0
CYMA,63.6167,-135.8667,504.0
RDR,47.9611,-97.4012,278.0
CYMT,49.7719,-74.5281,387.0
RIW,43.0642,-108.4598,1688.0
CYFO,54.6781,-101.6817,304.0
ONP,44.5804,-124.0579,48.0
CYHD,49.8317,-92.7442,413.0
CYFB,63.7564,-68.5558,34.0
COE,47.7743,-116.8196,707.0
CYZH,55.2931,-114.7772,581.0
IKV,41.6878,-93.5695,270.7
LAM,35.8798,-106.2694,2179.0
PRS,29.6342,-104.3615,888.86
OLS,31.4208,-110.8458,1206.0
CZHY,60.8389,-115.7767,164.0
PASI,57.0471,-135.3616,20.0
PADQ,57.75,-152.4939,34.0
OEB,41.9333,-85.0525,292.0
ARM,29.2543,-96.1544,30.0
1V4,44.42,-72.02,217.0
CYEK,61.0942,-94.0708,10.0
MSN,43.1406,-89.3453,261.0
LHZ,36.0233,-78.3303,113.0
ECP,30.3582,-85.7956,69.0
MHE,43.7748,-98.0386,395.73
CEY,36.6646,-88.3728,173.0
SYR,43.1112,-76.1063,124.0
HOB,32.6875,-103.217,1115.0
TWF,42.4818,-114.4878,1265.0
CZST,55.935,-129.9841,5.45
CWAF,48.0689,-69.5556,5.0
TOC,34.5928,-83.2964,295.53
NFL,39.4166,-118.701,1199.0
PABI,63.995,-145.7183,398.0
CYCO,67.8167,-115.1439,22.0
CXPC,45.3442,-80.0442,176.0
CYRB,74.7167,-94.9667,67.0
PUC,39.6092,-110.7547,1799.0
PASC,70.1947,-148.4652,17.0
IWD,46.5275,-90.1314,375.0
CWDM,50.465,-59.6394,6.0
CYIN,51.2645,-121.6849,1126.2
CWBV,44.8167,-62.3333,10.0
CYTL,53.8156,-89.8956,224.0
SEP,32.2153,-98.1777,402.0
CYMO,51.2891,-80.6141,10.0
CYPY,58.7667,-111.1167,232.0
BIL,45.8069,-108.5422,1088.0
PAVC,55.1163,-162.2662,47.0
CYWK,52.9272,-66.8742,551.0
HPN,41.0669,-73.7075,134.0
PAEN,60.5797,-151.2391,29.0
NYL,32.6566,-114.606,65.0
CWCT,52.0667,-111.4667,791.0
CYDB,61.3711,-139.0406,801.0
LSV,36.2362,-115.0343,570.0
OLF,48.0945,-105.5751,605.0
PMU,34.3635,-89.8929,65.71
PBI,26.6847,-80.0994,6.0
SDF,38.1744,-85.736,149.0
PAOT,66.8857,-162.6068,1.0
DDC,37.7631,-99.9654,790.0
EKN,38.8853,-79.8528,609.0
SJN,34.52,-109.38,1747.0
AYS,31.2491,-82.3955,46.0
CYYE,58.8364,-122.5972,382.0
CWDO,49.6833,-54.8,92.0
SZL,38.7303,-93.548,265.0
CYTH,55.8011,-97.8642,218.0
CMH,39.9914,-82.8808,247.0
LRD,27.5438,-99.4615,155.0
YKM,46.5682,-120.5441,325.0
GFA,47.5047,-111.1873,1075.0
CEZ,37.303,-108.6281,1803.0
OLU,41.448,-97.3426,438.39
PHNL,21.3187,-157.9224,5.0
CYQL,49.6254,-112.7936,929.0
CYOJ,58.6214,-117.1647,338.0
3R7,30.2427,-92.6735,5.51
PUB,38.29,-104.4983,1439.0
CWJW,52.9263,-118.0301,1020.0
CYXZ,47.9667,-84.7867,287.0
CYPL,51.4464,-90.2142,373.0
MOT,48.2594,-101.2803,523.0
MYV,39.102,-121.5688,17.0
CYXE,52.17,-106.6912,504.0
CYYF,49.4599,-119.6057,344.0
BAX,43.7802,-82.9854,234.0
CYDL,58.4222,-130.0322,792.0
CFV,37.0941,-95.5719,226.0
BCE,37.7064,-112.1456,2312.0
CYVO,48.0564,-77.7867,337.0
CZCR,47.99,-66.3342,38.0
FFA,36.02,-75.67,4.0
CWHQ,46.6907,-71.9717,55.0
UNV,40.85,-77.85,378.0
LMT,42.1469,-121.7242,1247.0
RKD,44.0601,-69.0993,17.0
EQY,35.0169,-80.6206,207.0
CXMM,56.6511,-111.2133,369.0
CXOX,55.1464,-105.2703,379.0
VBG,34.7297,-120.5768,112.0
PAGA,64.7362,-156.9374,46.0
GPZ,47.2111,-93.5097,413.0
BIH,37.3731,-118.3636,1263.0
HKS,32.3348,-90.2225,104.0
8D3,45.6689,-96.9914,351.81
CWPZ,54.3831,-125.9586,713.0
BMC,41.5524,-112.0622,1289.94
CYQI,43.8308,-66.0881,43.0
TOR,42.0647,-104.1528,1282.0
CDS,34.4339,-100.2881,595.0
FYG,38.5876,-90.9938,146.34
CYKJ,57.2564,-105.6175,509.0
RAP,44.0453,-103.0574,964.71
CYAT,52.9275,-82.4319,5.5
MSO,46.9208,-114.0925,972.0
CWIJ,65.7553,-111.2458,500.0
CYWG,49.9167,-97.2333,239.0
SWW,32.4674,-100.4666,727.0
CYRT,62.8114,-92.1158,32.0
CWEQ,52.115,-101.2331,335.0
CYQT,48.3719,-89.3239,199.0
CYBU,53.3325,-104.0083,374.0
LSF,32.3373,-84.9913,71.0
PSP,33.8297,-116.5067,141.0
CXAG,53.9169,-112.2792,625.0
